Commodities/Industries,AGR,MINING,UTILITIES,CONSTR,MANUF,TRADE,TRANS,INFO,FIRE,PROF_OTHER,EDUC_HEALTH,ART_ENT,G
AGR,0.298338,0.000333,0.0,0.001595,0.060742,0.000822,3.2e-05,0.0,0.0,0.000529,7.7e-05,0.008274,0.002519
MINING,0.002995,0.10375,0.075914,0.013687,0.065691,5.4e-05,0.00047,0.00107,1.9e-05,0.000747,0.000758,0.001628,0.008156
UTILITIES,0.016988,0.020939,0.060007,0.006346,0.01192,0.01258,0.009928,0.007258,0.005534,0.005022,0.007665,0.020261,0.011034
CONSTR,0.003592,0.009035,0.007305,0.000244,0.003769,0.003574,0.004837,0.00262,0.016045,0.001959,0.002517,0.004866,0.026459
MANUF,0.203559,0.143169,0.043865,0.356929,0.375294,0.052709,0.10205,0.045791,0.012125,0.064769,0.086909,0.107729,0.131219
TRADE,0.001776,0.000953,0.002274,5.8e-05,0.00404,0.013951,0.000213,0.001157,0.001669,9.7e-05,4.8e-05,8.5e-05,6e-06
TRANS,0.001759,0.002088,0.013071,0.000671,0.004694,0.050469,0.115779,0.006971,0.006605,0.009772,0.009257,0.008523,0.014666
INFO,0.000776,0.001219,0.008052,0.004925,0.003918,0.012036,0.007064,0.127524,0.010389,0.025962,0.010585,0.02506,0.035283
FIRE,0.026801,0.061299,0.031127,0.038738,0.024625,0.125345,0.120289,0.065921,0.194965,0.086652,0.109319,0.129115,0.033461
PROF_OTHER,0.008429,0.09774,0.046322,0.060911,0.041972,0.145403,0.075456,0.13554,0.10657,0.142529,0.102315,0.117413,0.105376
EDUC_HEALTH,3e-06,0.0,3.9e-05,1e-06,1e-06,0.001245,8.9e-05,1.5e-05,6e-06,0.000741,0.010638,0.003232,0.008208
ART_ENT,0.001153,0.000914,0.004519,0.001123,0.001301,0.007456,0.00878,0.021889,0.014896,0.016328,0.027548,0.039809,0.011192
G,2e-05,6e-06,0.001461,5e-06,0.000892,0.006517,0.004287,0.001059,0.001727,0.001796,0.002627,0.007343,0.003216
