Commodities/Industries,F010,F100,F020,F030,F040
AGR,254.612,0.0,0.0,5.223,79.666
MINING,0.373,0.0,105.47,6.966,181.943
UTILITIES,354.225,0.0,0.0,0.0,4.859
CONSTR,0.0,450.556,1687.201,0.0,0.11800000000000001
MANUF,5203.417,211.006,1445.26,33.15,1338.866
TRADE,14.57,0.0,0.0,0.0,3.319
TRANS,375.031,0.0,0.0,0.0,70.858
INFO,802.578,51.922000000000004,395.846,-4.13,82.292
FIRE,4476.9710000000005,0.0,204.623,0.0,317.347
PROF_OTHER,1244.923,283.577,1259.964,0.0,308.775
EDUC_HEALTH,3994.989,0.0,0.0,0.0,17.251
ART_ENT,1735.618,0.0,9.828,0.0,4.067
G,101.403,3765.878,0.0,0.0,0.466
