Commodities/Industries,11,21,22,23,31G,42,44RT,48TW,51,FIRE,PROF,6,7,81,G,T001,F010,F020,F030,F040,F100,T019
11,193035.0,234.0,0.0,3805.0,432138.0,1113.0,3017.0,56.0,0.0,3.0,3329.0,287.0,16996.0,119.0,13055.0,667188.0,254612.0,0.0,5223.0,79666.0,0.0,1006689.0
21,1938.0,72837.0,46131.0,32658.0,467345.0,95.0,175.0,810.0,2662.0,179.0,3178.0,2827.0,3345.0,1694.0,42260.0,678133.0,373.0,105470.0,6966.0,181943.0,0.0,972886.0
22,10992.0,14700.0,36465.0,15143.0,84799.0,18232.0,44976.0,17111.0,18056.0,51947.0,22716.0,28580.0,41620.0,10033.0,57174.0,472546.0,354225.0,0.0,0.0,4859.0,0.0,831630.0
23,2324.0,6343.0,4439.0,583.0,26814.0,5911.0,12045.0,8336.0,6518.0,150618.0,6717.0,9384.0,9995.0,6057.0,137104.0,393187.0,0.0,1687201.0,0.0,118.0,450556.0,2531062.0
31G,131710.0,100511.0,26656.0,851669.0,2669955.0,173672.0,91159.0,175881.0,113909.0,113819.0,343235.0,324063.0,221295.0,79170.0,679934.0,6096638.0,5203417.0,1445260.0,33150.0,1338866.0,211006.0,14328337.0
42,1149.0,669.0,1382.0,138.0,28741.0,46765.0,21291.0,367.0,2878.0,15665.0,547.0,179.0,175.0,85.0,29.0,120060.0,0.0,0.0,0.0,3319.0,0.0,123379.0
44RT,0.0,0.0,0.0,0.0,0.0,0.0,2041.0,0.0,0.0,0.0,0.0,0.0,0.0,0.0,0.0,2042.0,14570.0,0.0,0.0,0.0,0.0,16612.0
48TW,1138.0,1466.0,7943.0,1601.0,33397.0,145942.0,107632.0,199543.0,17341.0,61998.0,59791.0,34519.0,17508.0,3938.0,75992.0,769750.0,375031.0,0.0,0.0,70858.0,0.0,1215639.0
51,502.0,856.0,4893.0,11751.0,27873.0,21025.0,39447.0,12175.0,317227.0,97520.0,150711.0,39468.0,51479.0,18604.0,182825.0,976357.0,802578.0,395846.0,-4130.0,82292.0,51922.0,2304865.0
FIRE,17341.0,43035.0,18915.0,92433.0,175187.0,295189.0,334592.0,207315.0,163983.0,1830145.0,424713.0,407627.0,265226.0,140407.0,173382.0,4589490.0,4476971.0,204623.0,0.0,317347.0,0.0,9588431.0
PROF,4978.0,68062.0,27363.0,134549.0,280007.0,420175.0,269093.0,111047.0,327361.0,936466.0,777175.0,354582.0,221389.0,92890.0,459853.0,4484991.0,377839.0,1259964.0,0.0,308669.0,283577.0,6715041.0
6,2.0,0.0,24.0,2.0,7.0,2135.0,4120.0,154.0,38.0,54.0,608.0,39665.0,6640.0,4225.0,42531.0,100206.0,3994989.0,0.0,0.0,17251.0,0.0,4112446.0
7,746.0,642.0,2746.0,2680.0,9259.0,24103.0,13361.0,15132.0,54451.0,139830.0,100809.0,102719.0,81775.0,5678.0,57993.0,611924.0,1735618.0,9828.0,0.0,4067.0,0.0,2361437.0
81,476.0,556.0,786.0,10790.0,18598.0,25206.0,16087.0,19000.0,9805.0,63908.0,50446.0,26927.0,19800.0,9024.0,86171.0,357579.0,867084.0,0.0,0.0,106.0,0.0,1224769.0
G,13.0,4.0,888.0,11.0,6345.0,23293.0,9451.0,7389.0,2634.0,16211.0,9921.0,9795.0,15084.0,1793.0,16664.0,119495.0,101403.0,0.0,0.0,466.0,3765878.0,3987242.0
Used,225.0,1448.0,8469.0,4226.0,45941.0,0.0,335.0,5356.0,0.0,0.0,165.0,1418.0,51.0,56228.0,-41.0,123821.0,308150.0,-150569.0,12500.0,50421.0,-21788.0,322534.0
Other,991.0,1338.0,863.0,2452.0,19691.0,8400.0,4676.0,25432.0,8661.0,61581.0,9222.0,719.0,5674.0,4607.0,11043.0,165350.0,-33711.0,12378.0,0.0,199559.0,0.0,343576.0
T005,367561.0,312702.0,187964.0,1164489.0,4326095.0,1211257.0,973498.0,805102.0,1045523.0,3539944.0,1963283.0,1382761.0,978053.0,434554.0,2035970.0,20728757.0,18833150.0,4970003.0,53709.0,2659807.0,4741151.0,51986576.0
V001,75648.0,87417.0,96992.0,744986.0,1306605.0,706481.0,822820.0,545076.0,541130.0,1274166.0,2589703.0,1906553.0,698284.0,410236.0,2422281.0,14228378.0,0.0,0.0,0.0,0.0,0.0,0.0
V003,190415.0,266348.0,280383.0,465442.0,1407289.0,632860.0,631161.0,350668.0,880597.0,4158620.0,930140.0,406275.0,356183.0,144571.0,723427.0,11824379.0,0.0,0.0,0.0,0.0,0.0,0.0
T00OTOP,13411.0,35579.0,42339.0,11183.0,74320.0,17207.0,29106.0,22729.0,20333.0,415732.0,35724.0,43324.0,21671.0,13516.0,0.0,796173.0,0.0,0.0,0.0,0.0,0.0,0.0
T00OSUB,0.0,0.0,0.0,0.0,0.0,0.0,0.0,101.0,0.0,1432.0,24.0,10136.0,0.0,0.0,0.0,11694.0,0.0,0.0,0.0,0.0,0.0,0.0
T00TOP,951.0,22475.0,38058.0,2945.0,28771.0,296228.0,296479.0,32472.0,49223.0,63622.0,54297.0,14071.0,143359.0,20863.0,1023.0,1064838.0,0.0,0.0,0.0,0.0,0.0,0.0
T00SUB,9984.0,0.0,0.0,0.0,508.0,0.0,0.0,4780.0,0.0,27272.0,0.0,6.0,0.0,0.0,48008.0,90558.0,0.0,0.0,0.0,0.0,0.0,0.0
VABAS,279474.0,389344.0,419714.0,1221611.0,2788214.0,1356549.0,1483087.0,918373.0,1442060.0,5847086.0,3555543.0,2346015.0,1076138.0,568323.0,3145708.0,26837237.0,0.0,0.0,0.0,0.0,0.0,0.0
VAPRO,270441.0,411819.0,457772.0,1224556.0,2816477.0,1652777.0,1779566.0,946065.0,1491283.0,5883436.0,3609840.0,2360080.0,1219496.0,589187.0,3098723.0,27811517.0,0.0,0.0,0.0,0.0,0.0,0.0
T018,647035.0,702046.0,607677.0,2386100.0,7114308.0,2567806.0,2456584.0,1723475.0,2487583.0,9387030.0,5518826.0,3728776.0,2054191.0,1002878.0,5181678.0,47565994.0,0.0,0.0,0.0,0.0,0.0,0.0
